title,parent,value,timestamp
Tech Industry News,,0,2024-01-15
AI Revolution,Tech Industry News,95,2024-01-15
OpenAI GPT-5 Launch,AI Revolution,90,2024-01-15
Microsoft Copilot Integration,AI Revolution,85,2024-01-15
Google Gemini Updates,AI Revolution,80,2024-01-15
Semiconductor Boom,Tech Industry News,88,2024-01-15
NVIDIA Stock Surge,Semiconductor Boom,92,2024-01-15
TSMC Production Increase,Semiconductor Boom,75,2024-01-15
AMD Market Expansion,Semiconductor Boom,70,2024-01-15
Cloud Computing Growth,Tech Industry News,82,2024-01-15
AWS Revenue Growth,Cloud Computing Growth,85,2024-01-15
Azure Market Share,Cloud Computing Growth,80,2024-01-15
Google Cloud Expansion,Cloud Computing Growth,75,2024-01-15
Cybersecurity Threats,Tech Industry News,-75,2024-01-15
Ransomware Attacks,Cybersecurity Threats,-85,2024-01-15
Data Breaches,Cybersecurity Threats,-80,2024-01-15
Zero Trust Adoption,Cybersecurity Threats,70,2024-01-15
Electric Vehicle Tech,Tech Industry News,78,2024-01-15
Tesla Model Y Updates,Electric Vehicle Tech,82,2024-01-15
BYD Global Expansion,Electric Vehicle Tech,75,2024-01-15
Charging Infrastructure,Electric Vehicle Tech,70,2024-01-15
Quantum Computing Breakthrough,Tech Industry News,90,2024-01-15
IBM Quantum Advantage,Quantum Computing Breakthrough,85,2024-01-15
Google Quantum Supremacy,Quantum Computing Breakthrough,88,2024-01-15
Startup Funding Surge,Tech Industry News,85,2024-01-15
Fintech Investments,Startup Funding Surge,80,2024-01-15
HealthTech Innovation,Startup Funding Surge,75,2024-01-15
EdTech Growth,Startup Funding Surge,70,2024-01-15
Regulatory Changes,Tech Industry News,-60,2024-01-15
EU AI Act,Regulatory Changes,-70,2024-01-15
Data Privacy Laws,Regulatory Changes,-65,2024-01-15
Tech Antitrust Cases,Regulatory Changes,-75,2024-01-15
Meta Reality Labs,Tech Industry News,65,2024-01-15
Apple Vision Pro Sales,Meta Reality Labs,70,2024-01-15
VR Gaming Market,Meta Reality Labs,60,2024-01-15
AR Enterprise Solutions,Meta Reality Labs,55,2024-01-15
Blockchain Innovation,Tech Industry News,72,2024-01-15
Bitcoin ETF Approval,Blockchain Innovation,85,2024-01-15
Ethereum Upgrades,Blockchain Innovation,75,2024-01-15
DeFi Market Recovery,Blockchain Innovation,70,2024-01-15
5G Network Expansion,Tech Industry News,68,2024-01-15
6G Research Development,5G Network Expansion,60,2024-01-15
IoT Device Growth,5G Network Expansion,65,2024-01-15
Smart City Initiatives,5G Network Expansion,62,2024-01-15
